{"integral": 13.39404101140919, "prev_error": 0.4583333333333333}